﻿Number,Label,CV
0,ReactDeveloper,"Ui-Developer/ React JS Developer 
NAME: KRISHNA 
PROFESSIONAL SUMMARY:
?	Over all 3.2 years of Extensive experience as a React JS/Web- Developer and 1 year of Experience as React JS Software Developer.
?	Extensive experience in developing web pages using HTML, XML, CSS, JavaScript, React JS, Redux, JSON.
?	Experience in all phase of SDLC like Requirement Analysis, Implementation and Maintenance, and extensive experience with Agile and SCRUM.
?	Extensive knowledge in developing single - page applications (SPAs).
?	Good Expertise in analyzing the Document Object Model (DOM) Layout, DOM Functions, and Java Script functions, Cascading Styles across cross-browser using Fire Bug, Developer Tool Bar.
?	Expertise in React JS framework to develop the SPA.
?	Experienced in React JS and working with React Flux architecture.
?	Experienced in working with redux architecture using complex Object-Oriented concepts in improving the performance of the websites.
?	Experience in using React JS components, Forms, Events, Keys, Router, plus Redux, Animations.
?	Expertise in video coding by using HTML5, CSS3 and JavaScript.
?	Expertise in RESTful, SOAP web services to integrate between Application to Application
?	Experience with front-end development with back-end system integration.
TECHNICAL SKILLS:
Web Technologies: HTML, CSS3, XML, JavaScript, JSON, React JS, Node.js, GitHub.

QUALIFICATION:
B-Tech from JNTU-Kakinada University - 2016
PROFESSIONAL EXPERIENCE:
?	I have experience as React JS Developer with 3.2 years of experience in the IT Industry and currently working in BOSCH.
Current Project: AGSP (Auto Guar age Solution Project)
Role: UI Developer/ React JS Developer
Responsibilities:
?	Design, develop and test HTML5, CSS3, Bootstrap, JavaScript and React.JS that meets accessibility and web browser standards for website.
?	Developed user interface by using the React JS, Flux for SPA development. 
?	Used React-Router to turn application into Single Page Application
?	Worked in using React JS components, Forms, Events, Keys, Router, Animations and Flux concept.
?	Used React flux to polish the data and for single directional flow.
?	Used Object Oriented Programming concepts to develop UI components that could be reused across the Web Application.
?	Extensively used Git for version controlling and regularly pushed the code to GitHub.
?	Used JIRA as the bug tracking system to track and maintain the history of bugs/issues on everyday basis.
?	 Environment: HTML5, CSS3, JavaScript, Bootstrap, React JS, Redux, JSON, Git hub, JIRA
Previous Project:  SITE WORK PROJECT
Role: UI Developer/ React JS Developer
?	Responsibilities:
?	Worked on an Agile (Scrum) Development Team to deliver regular updates to business team and project managers.
?	Involved designing in web pages using HTML 5, CSS3, JavaScript, Bootstrap, React.js, Redux , 
?	Worked on React JS Virtual Dom and React views, rendering using components which contains additional components called custom HTML tags.
?	Implemented various screens for the front end using React.js and used various predefined components from NPM (Node Package Manager) and redux library.
?	Worked in using React JS components, Forms, Events, Keys, Router, Animations, and Flux concept.
?	Responsible for React UI and architecture. Building components library, including Tree, Slide-View, and Table Grid.
?	Implemented stable React components and stand-alone functions to be added to any future pages.
?	Used React JS for tinplating for faster compilation and developing reusable components.
?	Used React-Auto complete for creating Google maps location search on the webpage.  Environment: HTML5, CSS3, Bootstrap, GitHub and Jenkins."
1,ReactDeveloper,"Ui-Developer/ React JS Developer 
NAME: KRISHNA 

PROFESSIONAL SUMMARY:
?	Over all 3.2 years of Extensive experience as a React JS/Web- Developer and 1 year of Experience as React JS Software Developer.
?	Extensive experience in developing web pages using HTML, XML, CSS, JavaScript, React JS, Redux, JSON.
?	Experience in all phase of SDLC like Requirement Analysis, Implementation and Maintenance, and extensive experience with Agile and SCRUM.
?	Extensive knowledge in developing single - page applications (SPAs).
?	Good Expertise in analyzing the Document Object Model (DOM) Layout, DOM Functions, and Java Script functions, Cascading Styles across cross-browser using Fire Bug, Developer Tool Bar.
?	Expertise in React JS framework to develop the SPA.
?	Experienced in React JS and working with React Flux architecture.
?	Experienced in working with redux architecture using complex Object-Oriented concepts in improving the performance of the websites.
?	Experience in using React JS components, Forms, Events, Keys, Router, plus Redux, Animations.
?	Expertise in video coding by using HTML5, CSS3 and JavaScript.
?	Expertise in RESTful, SOAP web services to integrate between Application to Application
?	Experience with front-end development with back-end system integration.
TECHNICAL SKILLS:
Web Technologies: HTML, CSS3, XML, JavaScript, JSON, React JS, Node.js, GitHub.

QUALIFICATION:
B-Tech from JNTU-Kakinada University - 2016
PROFESSIONAL EXPERIENCE:
?	I have experience as React JS Developer with 3.2 years of experience in the IT Industry and currently working in BOSCH.
Current Project: AGSP (Auto Guar age Solution Project)
Role: UI Developer/ React JS Developer
Responsibilities:
?	Design, develop and test HTML5, CSS3, Bootstrap, JavaScript and React.JS that meets accessibility and web browser standards for website.
?	Developed user interface by using the React JS, Flux for SPA development. 
?	Used React-Router to turn application into Single Page Application
?	Worked in using React JS components, Forms, Events, Keys, Router, Animations and Flux concept.
?	Used React flux to polish the data and for single directional flow.
?	Used Object Oriented Programming concepts to develop UI components that could be reused across the Web Application.
?	Extensively used Git for version controlling and regularly pushed the code to GitHub.
?	Used JIRA as the bug tracking system to track and maintain the history of bugs/issues on everyday basis.
?	 Environment: HTML5, CSS3, JavaScript, Bootstrap, React JS, Redux, JSON, Git hub, JIRA
Previous Project:  SITE WORK PROJECT
Role: UI Developer/ React JS Developer
?	Responsibilities:
?	Worked on an Agile (Scrum) Development Team to deliver regular updates to business team and project managers.
?	Involved designing in web pages using HTML 5, CSS3, JavaScript, Bootstrap, React.js, Redux , 
?	Worked on React JS Virtual Dom and React views, rendering using components which contains additional components called custom HTML tags.
?	Implemented various screens for the front end using React.js and used various predefined components from NPM (Node Package Manager) and redux library.
?	Worked in using React JS components, Forms, Events, Keys, Router, Animations, and Flux concept.
?	Responsible for React UI and architecture. Building components library, including Tree, Slide-View, and Table Grid.
?	Implemented stable React components and stand-alone functions to be added to any future pages.
?	Used React JS for tinplating for faster compilation and developing reusable components.
?	Used React-Auto complete for creating Google maps location search on the webpage.  Environment: HTML5, CSS3, Bootstrap, GitHub and Jenkins."
2,ReactDeveloper,"Kanumuru Deepak Reddy CAREER OBJECTIVE: To secure a position in a reputed organization where I can efficiently contribute my knowledge and skills to the growth of the organization and build my professional career. ACADEMIC QUALIFICATIONS: PROJECT: Title :Density based Traffic Control System USING ARDUINO. Duration:4 months. Description: Traffic congestion is a severe problem in most of the cities across the world and it has become a nightmare for the citizens. It is caused by delay in signal, inappropriate timing of traffic signalling etc. The delay of traffic light is hard coded and it does not depend on traffic. Therefore, for optimising traffic control, there is an increasing demand in systematic quick automatic system. This project is designed to develop a density based dynamic traffic signal control. The signal timing changes automatically on sensing the traffic density at the junction. The microcontroller used in this project is ARDUINO. The system contains IR sensors & ultrasonic sensors (transmitter and receiver) which will be mounted on the either side of the road on poles. It gets activated and receives the signal as the vehicles passes close by it. EXPERIENCE: I am carrying an experience of 2 years from MetroLabs Services Pvt Ltd. ROLES AND RESPONSIBILITIES : Over 2 years of extensive experience as a Front End Developer with solid understanding of website and application designing, development of different modules using ReactJS. Professional understanding of Software development life cycle (SDLC) as well as various phases such as Analysis Design, Development and Testing. Experienced in developing User Interface using HTML5, CSS3, Bootstrap, JavaScript, DOM, ReactJS. Experience in DOM as I used it in interacting with objects in HTML documents. Experience in working with Express creating Restful API, URL routing, creating and handling HTTP CRUD Good experience in using React JS components, Forms, Events, Keys, Router, Redux Store, action creator and reducer etc. Good experience in developing draggable grid layout using react-grid-layout package. Good knowledge on building tables/grid using react-table and ag-grid library and office-fabric-ui. Experience in maintaining APIs and existing applications. Write code that is cross-platform and cross-device compatible. Converted PSD files into pure hand-written HTML and CSS pages Effectively represent the voice of the user to influence and improve design decisions Consult with the cross-functional team throughout development, testing, and rollout to ensure designs are understood, implemented, and communicated appropriately Website hosting is one of the major role in my working period and according with client modifications, deletions etc. Good communication skills, both verbal and written. TECHNICAL EXPERTISE: Web Technologies    : Html5, Css3, JavaScript, Responsive Designs, Bootstrap, ReactJS, JSON Development Tools :   Visual Studio Code Operating Systems    :  Windows 10 PERSONAL DETAILS: Date of Birth : 15, August,1997. FatherÕs Name : Mr. K.Sudhakar Reddy, Permanent Address : H.no:5-8-171/3, Bmr Nagar, Naidupet. Languages known : Telugu, Hindi & English. Hobbies : Playing cricket, Watching news. STRENGTHS: Punctuality Positive attitude Leadership Teamwork LANGUAGES KNOWN: Telugu Hindi English DECLARATION: I hereby declare that all the above mention details are true to best my knowledge. Place: Date: K.Deepak Reddy	"
3,ReactDeveloper,"HARIPRIYA BATTINA Experience as UI Developer in Reactjs, JavaScript. Phone: +91 9908576950 Gmail: haripriyabattini@gmai.com Location: Visakhapatnam JOB OBJECTIVE ? Looking for a challenging role to put my experience in various aspects of technology with an objective to be a leading source of information and guidance concerning th technological requirements. ? Want to be a part of a reputed organization that allows me to effectively use my technical skills in the real world for overall growth of organization and my professional career. WORK EXPERIENCE EDUCATION 1. Associate UI Developr Company: Blue Yonder, Hyderabad. ? Work Done On ÒCOPERNICUSÓ Project. ? The Main Moto of this project is, it is GTM (Go To Market) Portal which is specially designed for demo teams to shower case Blue Yonder Products and Features for Customers and Partners ? Technologies: HTML, CSS, React JS. ? IDE: VS Code. ? Methodologies: Agile. JOB RESPONSIBILITIES: ? Involved Designing in Web Pages using HTML, CSS, JavaScript, React JS. ? Actively Handling the user stories raised through JIRA Tool. ? Analyzing the stories by going through the application, Identifying the solution and also providing the functionalities. ? Used JIRA as the bug tracking system to track and maintain the history of bugs on an everyday basis. ? B.Tech in Information technology from Anil Neerukonda Institute of Technology and Sciences (Affiliated to Andhra University), Visakhapatnam, in the year 2018 with 6.7 CGPA. ? Intermediate in MPC from NRI junior college, Visakhapatnam, in 2014 with a percentage of 72.2%. ? SSC from A.P.S.W.R school Pedapadu, Srikakulam in 2012 with CGPA 7.8. ACADEMIC PROJECT TECHNICAL SKILLS STRENGTHS ACHIEVEMENTS DECLARATION Project name : ONLINE RESTAURANT RESERVATION SYSTEM Project Duration : 3 months. Description : ""Online Restaurant Reservation System"" is a web application. This system is developed to automate day to day activities of restaurants. It is a kind of business that serves the people all over the world with ready food. Technology used : java, HTML, MYSQL ? Programming Languages : C, Reactjs, JavaScript, SQL Server. ? Software Packages : MS Office. ? Web Technologies : HTML, CSS. ? Operating System : Windows, Ubuntu. ? Positive attitude. ? Believe in punctuality ? Teamwork ? Responsible towards work ? Extended my services as poster Coordinator in the RADIAN 2k18 event. ? Extended my services in coordinator in farewell day 2018 Isolely declare that the above-mentioned facts are true to the best of my knowledge. Date: ÉÉÉÉÉÉÉÉÉ Place: Hyderabad. (Hari priya B)	"
4,ReactDeveloper,"KAMALAKAR REDDY. A Linked In: https://www.linkedin.com/in/kamalakar-reddy-777682196/ PROFESSIONAL SUMMARY ? 3 years of experience in UI Development of Enterprise Applications, Web Applicationsrelated technologies. ? Experience in Development, Coding, Maintenance,Design, Implementation of Web applications using HTML5, CSS3, JavaScript, j Query, React JS, Redux. ? Well versed in designing websites, Web Applications. ? Well versed in different Project Management Tools e.g. JIRA, GIT, Bit bucket. ? Tested cross browser design issues and fixed major layout bugs for supported browsers. ? Self-motivated with good communication and interpersonalskills. ? Ability to work independently and multitasking without negative impact to timelines orquality. WORK EXPERIENCE MARCH 2021 Ð TILL DATE ROLE : : UI DEVELOPER ENLUME TECHNOLOGIES, HYDERABAD. AUGUST 2018 Ð MARCH 2021 ROLE : SOFTWARE ENGINEER FORTUNAPIX PRIVATE LIMITD, HYDERABAD. PROJECTS TITLE : Monarch Tractor DESCRIPTION: Monarch Tractor impacts the environment exactly as intended, without side effects. This Application helpful for farmers to get tractor alerts, updates on weather conditions, Analysis, Data collection. MT platform acts as a full data collection and analysis suit. TECHNOLOGIES: HTML, Css3, Bootstrap, React Js, JavaScript. TITLE : lernbook DESCRIPTION: Fortunapix works for Digitalization of schools by providing modern digital education system in Govt. schools of Antigua and Barbuda, and Caribbean islands. This project digitalize and animates the education content for different grades in a school. TECHNOLOGIES: Html, Css3, React Js, Bootstrap, Jqery. url: http://demo.fortunapix.com/kkel/ EDUCATION 2017 - 2018 WEB DESIGNING & DEVELOPMENT COURSE AT ARENA ANIMATION DILSUKNAGAR, HYDERABAD. 2010 - 2013 BACHELOR OF COMPUTERS AT G.PULLAREDDY DEGREE & PG COLLEGE, HYDERABAD. TECHNICAL SKILLS JAVASCRIPT LIBRARYS : ReactJs, Redux. CSS FRAMEWORK : Bootstrap. ENVIRONMENT : Photoshop, Visual Studio. WEBTECHNOLOGIES : HTML 4, CSS3, Sass. OPERATINGSYSTEMS : Windows, Mac, Ubuntu. SCRIPTINGLANGUAGES : JavaScript, jQuery. METHODOLOGIES : Agile. ACTIVITIES & INTERESTS ? Cooking ? Playing Cricket ? Listening Music ? Other Social Activities PERSONAL PROFILE FATHERÕSNAME : MURAHARI REDDY. A GENDER : Male MARITALSTATUS : Single NATIONALITY : Indian KNOWN LANGUAGES : Telugu, English, and Hindi. LOCATION : Madhapur, Hyderabad DECLARATION I do hereby declare that all the above information furnished by me are true and correct to the best of my knowledge. Place : Hyderabad (KAMALAKAR REDDY .A) Date :	"
5,ReactDeveloper,"Naveen Sadhu Title: software developer Location: Hyderabad, India Professional Summary 1 year of overall IT experience in Html, Sql, Reactjs and Nodejs. Experience in working with Application development and testing tool Hard working and enthusiastic. Excellent communication, interpersonal, analytical skills, and strong ability to perform as part of team. Exceptional ability to learn new concepts. Education Bachelor of Technology in Computer Science and Engineering from Marri Laxman Reddy Institute of Technology and Management (Affiliated to JNTUH). Skills Professional Experience Current Project Client : Inline4, USA Organization : Edvenswa tech Pvt. Ltd Technology : MERN stack, HTML,CSS,BOOTSTRAP Description The project goal is to provide whenever the user wants to do servicing for his bike he can go directly to this application and he can book slot for his bike servicing. Why because whenever the customer is in problem he can directly book the service so that the service provider will take the bike for servicing.. Contribution Understand and implement the features Negotiate scope and resolving conflicting priorities. Translate requirements into meaningful stories that the team can deliver against. Application deployment. Developed the optimized code as per the requirement. Personal Details Yours sincerely (Naveen Sadhu)	"
6,ReactDeveloper,"Pavas Goswami FULLSTACK SOFTWARE DEVELOPER / WEB DEVELOPER PROFILE
 Searching for the opportunity to bring 3+ years of experience with software developing, technology engineering, designing, and maintenance to cater to the specific needs of the people with critical thinking, problem-solving, and leadership.
 
CORE SKILLS AND PROGRAMMING LANGUAGES

   JAVA	                                                                  JAVASCRIPT	                                                           MySQL	 
SPRING BOOT
 



REACT.JS ANGULAR
CSS3/Bootstrap HTML5
 
PERSONAL DETAILS
Birth date
05-APR-1991
Nationality
INDIAN
Address
 
   Node.js

   MICROSERVICES


WORK EXPERIENCE

Software Engineer
BRAINO SERVICES, NEW DELHI
 
    MongoDB AWS/AZURE
 






Feb 2019-PRESENT
 
Kailash Nagar, Vrindavan, UP-281121

CONTACT


 
Report iCredit System: In this project there is multiple data stream that keeps on dumping data in our Oracle database. These are the financial data from different sources. Our responsibility is to capture data from the oracle database, apply the business rules, and further expose them to a spring boot based on the REST-API endpoint. The React.js application consumes it with the help of AG Grid shown using beautiful UI.
Regular users can perform multiple operations like update/delete data. They have read-only permission for the report, but the admin has the power to refresh it. This project is specifically for the investors. Based on these reports, they are suggesting investment decisions to their client.
Website Developer (UI/UX DESIGNER)
 
Member of IAENG (International
 
FREELANCER
 
2019-PRESENT
 
   Association of Engineers): 197174

 
 
I design and develop e-commerce dynamic websites for clients, Learning Management Systems for schools, Fundraiser websites for NGOs using HTML/CSS/JavaScript/Adobe XD/Figma.
Assistant Professor
 
NARAINA VIDYAPEETH ENGINEERING & MANAGEMENT INSTITUTE, KANPUR
¥	Project Supervised at UG level: Design of GSM-based vehicle theft control system.
 
2017-2019
 
¥	Subjects Taught at UG level: EMFT, Digital Communication, Wireless Communication, Digital Signal Processing, Data Communication and Networks.

M.Tech Project (Thesis)
DESIGN AND ANALYSIS OF LI-FI SYSTEM
 




2017
 
¥	Publication: P. Goswami, and M. Shukla, ÒDesign of a Li-Fi TransceiverÓ, Wireless Engineering and Technology, Vol.8 No.4, October 2017, pp 71-86. Doi: 10.4236/wet.2017.84006.
¥	INDEXING: The 2-year Google-based Journal Impact Factor (2-GJIF) is 1.88. The published paper has got 17,329 downloads & 26,387 views as of July 2021

B.Tech Major Project
 
OFDM WIRELESS COMMUNICATIONS (MATLAB SIMULATIONS)
¥	Team leader of a team of 4 members.
¥	Environment: MATLAB
 
2013
 
¥	Description: OFDM is the key technology for next-generation cellular communications as well as wireless LAN and broadcasting. Using MATLAB, simulation of wireless channel modelling, MIMO channel modelling, MIMO channel capacity, PAPR reduction techniques are presented.

INTERNSHIP
 
BHARAT SANCHAR NIGAM LIMITED (BSNL), KANPUR
¥	Project Titled ÔBroadband CommunicationÕ.
 
2012
 
¥	Hands-on experience and learned how to work with different splicing tools used in fibre optics.

EDUCATION


GRADUATE APTITUDE TEST IN ENGINEERING (GATE)


NPTEL CERTIFICATION COURSE


 


SKILLS & STRENGTH	HOBBIES

 
   Adaptability and willingness to learn.     Leadership qualities and team spirit.
Sense of Responsibility.
 
    Singing

    Watching Sci-Fi movies     Gaming
PC building"
7,ReactDeveloper,"PRAGNYA PATTNAIK Expertise: Having around 2 years of experience in UI development using Html5, CSS3, JavaScript, Bootstrap, React JS. Good knowledge in Java Script, JQuery, Ajax, React JS, TypeScript, Angular 10. Working on AGILE METHODOLGY Flexible to every Environment, Honest and believe in Hard work. Good Communications and Analytical skills. Maintain focus on high quality deliverables while working under pressure in Production environment. Management of the ticketing system on the production environment and resolution of the tickets with different priorities with appropriate solutions. Excellent interpersonal communicator and focused on building strong client/customer relationships. Proven ability to work efficiently in both Independent and team work environments. Ability to work optimally under scheduled deadlines and deliver high quality output. Technical Skills: Educational Profile: MCA from IGNOU (Indira Gandhi National Open University) 2018, Odisha. Working Profile: Working as a Web Developer for Smart Edge India Pvt Ltd, (November 2019 to till date). Professional Experiences: Project 1: Project Description:- Golden amoon is a resort and hotel. They provides services for hotel booking, spa, conventional centre and conference hall booking system. Customers can check the availability for all services through web as well as in mobile. They can give their payment through online payment by internet banking, Debit card or in Credit Card. We developed both web and android based application which can help customers to get the services features easily and make client also for doing profitable business. Responsibilities: Understanding requirements. Working on UI implementation for the customers. Customizing React JS . Developed the front-end web page by using HTML5, CSS3, Bootstrap and JQuery. Created CSS Websites Compatible of Google Chrome. Project 2: Project Description:- G2evolution is a service based company. They provide services for School Management, Ecommerce, Business Consulting, Mobile App Development, Search Engine Optimization (SEO). Responsibilities: Conversion of PSD designs into HTML5 (Responsive layouts). Involved in fixing the issues. Designing Attractive Layout. PERSIONAL DETAILS: Name : PRAGNYA PATTNAIK Gender : Female Nationality : Indian Languages known : English & Hindi & ODIYA (I hereby declare that the above written particulars are true to the best of my knowledge and belief)	"
8,ReactDeveloper,"? 204,Sri geethika prestige,road number 10,bandari layout,nizampet,Hyderabad,500090. Having 3 years of experience in developing UI-Applications. ? ProÞcient and excellent hands on experience with JavaScript,HTML5,CSS3,Boostarp,React Js. ? Good knowledge in designing web pages using CSS3 and Bootstrap. ? Strong knowledge in using Object Oriented Programming concepts in JavaScript. ? Working knowledge of DOM models and Strong skills of usability and accessibility with HTML,CSS. ? Providing support to the UI Design team,form an UI architecture/frame works perspective. ? Experience in Boostarp (responsive web design),and React Js frameworks.. ? Experience in the Healthcare domain.Involved in all phases of the software development life cycle such as developing,integrating,Implementing and Debugging of web based. ? Excellent interpersonal abilities,communication skills,time management and team skills with an intention to work hard to meet project deadlines under stressful environment. Apr 2017 - Feb 2019 Software Engineer Individual contributor responsible for designing front end applications using web technologies like HTML5,CSS3 and JavaScript. Responsible for creating Modules using react is,converting HTML into components. Responsible for creating responsive web pages using Bootstrap. Apr 2016 - Mar 2017 Software Engineer Individual contributor responsible for completing assigned tasks on time and proactively taking up new tasks. Responsible for building optimized code using JavaScript and debugging for any issues. Understanding the software requirements speciÞcation @project functionality. Responsible for designing reactive web pages using HTML and CSS. Responsible for doing research on new implementations and Þnding out if it Þts the current requirement. Participate in daily meetings and give day wise updates to the team. 2011-2015 Sri Krishna Devaraya College(JNTU) 2009-2011 Inter,MPC HTML5,CSS3,JavaScript,React js, Bootstrap. E-Services is the project initiated by GOA government.The E-Services portal aims to provide the facility for citizens to submit online forms for the services identiÞed by the state to be delivered online and through Lok seva kandra(LSKs). CRM processes that help identify and target their best customers.Providing services and products that are exactly what your customers want.CRM processes that help from individualized relationships with Customers(to improve customer satisfaction)and provide the highest level of customer service to the most proÞtable customers.	"
9,ReactDeveloper,"Thirupathamma Balla SUMMARY: 2.8 year of IT experience as React Developer. Worked on technologies like React, JavaScript. Experience in developing business applications for the Internet using React. Experience in Object Oriented Programming concepts. Strong Analytical Ability skills. Enthusiastic, eager to meet challenges and quick to learn and assimilate new concepts and ideas. Ability to work efficiently, either independently or on a team with minimal supervision and without ever missing a deadline. Brief Profile Summary of Skills & Experience Work Experience Technical Skills: Languages : C. Web Technologies : React, Bootstrap, Javascript and JSON. Education Project Details Responsibilities : Responsible to develop reusable React components Responsible for reviewing other developers' code as part of peer-code-review. Responsible to write unit test cases in React Responsible for testing the components in the staging server. Thirupathamma Balla.	"
10,ReactDeveloper,"Maryala Vinay Reddy

Professional Summary:	

¥	Having 2 years of successful IT experience in all phases of Software Development Life Cycle (SDLC) as a React.JS Developer and JavaScript.

Professional Experience:
¥	Experience in design and configuration for implementation, development, maintenance and support as a React.JS Developer to meet business needs. 
¥	Good working knowledge on React Hooks, JavaScript, HTML.
¥	Developing new user-facing features using React.js
¥	Building reusable components and front-end libraries for future use.
¥	Strong proficiency in JavaScript, including DOM manipulation.
¥	Thorough understanding of React.js and its core principles
¥	Familiarity with newer specifications of ECMA Script
¥	A proactive learner for adopting emerging trends and addressing industry requirements to achieve the organizational objectives.
¥	Good communication, presentation and interpersonal skills.

Project Experience:

PROJECT :1

Title                           : simplify Application
Organizer                  : Metrolabs Services Pvt ltd.
Designation              :  UI Developer
Technologies            : REACTJS, HTML5, CSS3, JAVASCRIPT
summary:-
It is an end to end project tracking web application for EPC companies. 
there are many stake holders in the project such as project manager, warehouse manager, on-site engineering and supervisor 
Each one of them have a different user interface. The application has many modules such as 
Construction planning, Procurement,Optimization billing of material, inventory and construction engineering.   
It helps in process Optimization and Process Parallelization. 
My part in this Application is planning modules and Optimization, billing of material, inventory and construction engineering.

 My Roles & Responsibilities: 
Responsible for understanding  user requirements, designing and developing application. 
  

PROJECT:2

Title                   :  Healthy Chef Creations
Organizer          :  AMBESTTECH SOLUTIONS
Role                   :  Front-end Developer
Technologies     :  HTML5, CSS3, JavaScript
Summary     :  Healthy Chef Creations is one the organic food provide and menu application. The customers one who wants the organic food diet menu he should register through signup page and login and order the raw materials. And who wants menu and what is Healthy Chef Creations just they can open the home page and see their details.


Working Experience:
¥	Working as a UI Developer for METROLABS SERVICES PVT. LTD. from July 2020 -Present.
¥	Worked as a Front-end Developer for AMBESTTECH SOLUTION from October 2019 Ð 
¥	June 2020.



Technical Proficiency:
¥	Web Technologies    :  HTML, JavaScript, Bootstrap.
¥	Libraries                     :  ReactJS ,Hooks and Redux(Knowledge).
¥	Style Sheets                :   CSS3 and SASS (Knowledge).

Educational Profile:
¥	Jawaharlal Nehru Technological University Hyderabad 
¥	Bachelor's Degree in EEE Branch 2018


Declaration: I hereby declare that all the details furnished above are true to the best of my knowledge and belief.
     Hyderabad                                                                                                                                       
                                                                                                                                      Vinay Reddy "
11,ReactDeveloper,"Anjani Priyadarshini
Sr. Web Developer / React




Personal Details:
DOB : 05-09-1985
Sex : Female 
Nationality : Indian
City : Hyderabad 


	Objective

To acquire a position in a company that would allow me to be creative and keep me challenged with various web projects that require employing the latest trends and technologies.

Employing my passion on a multitude of design work, especially online design & develop! Enable to constantly learn, develop in varying areas of web development.

Having  9+ years of experience in development of Web applications using HTML 5 Sass, JavaScript and other frame works like Angular 2+, React Js Bootstrap, materialize css. Aspiring for a career in a professional organization where I can apply my varied thoughts for the fulfillment of the organization objectives and to scale greater heights along with the organization.

Education

Completed BA from Kasturba Gandhi college in 2005, with an aggregate of 61.26% from Osmania       University.

Skill Set

Skilled in:

HTML	HTML5	CSS
CSS3	Photoshop CS6	Dreamweaver CS6 
W3C Standards	XHTML
React Frameworks	Mobile Website Designs/Development
Illustrator CS6	Responsive	Template Designs
		

 Knowledgeable in:

JQuery 	JavaScript	Bootstrap Framework
Foundation Framework	Wordpress Framework	Eclipse
CorelDraw X5	JQuery Mobile themes 	
Mac xcode	Responsive Design  	

Work Experience

Company	:	QUAQUA Tavel Experiences pvt,Ltd.
Current Position	:	Sr. Web Developer
Duration	:	Dec 2017 to till date 
Responsibilities	:	HTML , Responsive web designing, React components, Quality Analyst etc. 
Project

Title Ð  Quaqua Product 

Role Ð Sr.Software Engineer 

Team Size - 3

Technologies ÐReact, HTML 5, CSS 3.

Description: 
QuaQua is a digital experience platform that integrates 360-degree virtual reality content for the global travel and tourism industry.  

We strive to translate world's travel experiences into captivating 360 videos and AR/VR stories to provide real and immersive end to end travel experiences.

Responsibilities. 
Responsible for the architecture design and involved in high and low-level design of the individual components. Responsible for setting coding standards in the application.

Working with Team in Implementing and taking the In Charge for Quality Testing.

¥	Experience in working with Angular 2/4 modules, services, templates, directives, services and dependency injection to create a SPA.
¥	Hands on Experience on Angular CLI (Command line Interface).
¥	Expertise in using React JS components, Forms, Events, Keys, Router concept.
¥	Worked on some of the new features of Angular 4 like new if else syntax, ng-templates, form validators.
Key Challenges 
Worked on new frame work with the support of a Technical Lead.


Websites & Mobile sites

https://www.quaqua.com/
https://m.quaqua.com/


Work Experience
	


Company	:	PurpleTalk India (p) ltd,  Hyderabad  
Current Position	:	Front End Developer/ UI designer
Duration	:	Dec 2011 to Oct 2017 
Responsibilities	:	Designing of web sites, Mobile apps, Web sites and applications, Html Works, Responsive, Browser Compatibility, UI Designs, etc. 
Projects

Title Ð  GE Ð Knowledge Sharing 

Role Ð Sr.UI  Developer

Duration Ð October 2016 Ð September 2017

Team Size - 4

Technologies ÐAngular JS , Javascript, HTML 5, CSS 3.

Description: 
This is a group of GE internal applications which consists of a mobile application and
few web applications which are used to view the statistics of the corresponding device or requirement.


Responsibilities. 
Working to modify the existing code base as per the clients need and guiding the team which work on other web application. Make the code reviews and optimize the code for better maintain and performance of the app. Created Webparts in share point using share point designer 

Key Challenges 
Worked on new frame work with the support of a Technical Lead. 



Project -2
Title Ð  Magellan 

Role ÐModule Lead

Duration Ð Feb 2015 ÐAug 2016

Team Size - 4

Technologies ÐCSS,  Java Script, Web Services, Android and IOS/ web application.

Description: 
We move beyond the traditional by delivering behavioral health and employee assistance program services; specialty health, including musculoskeletal, cardiac, advanced imaging management and physical medicine; and integrated care management to health plans, employers, Medicaid, Medicare and the Federal government.


Responsibilities. 
Responsible for the architecture design and involved in high and low-level design of the individual components. Responsible for setting coding standards in the application.

Working with Team in Implementing and taking the In Charge for Quality Testing.
 

Key Challenges 
Worked on Issues related to Process flow Orchestration Module where the entire business is depended.


Main Contribution 
Client Implementation work is handled. Implemented as per the client requirements. Also involved in code review. Played an active role as mentor for group of developers.


Project -3
Title Ð UHCOMW                                                                                      

Role Ð  Sr Developer

Duration Ð March 2013 Ð Feb 2015

Team Size - 6

Technologies ÐCSS,  Java Script, Web Services, Team Foundation Server 2010.

Description:                      
If youÕre a teen or young adult who's getting ready to live on your own, UnitedHealthcare OMWTM (UnitedHealthcare On My Way) is for you. YouÕll learn what it takes be independent. Like finding housing, getting a good job, managing your money Ð and more. ItÕs easy. ItÕs fun. And itÕs all right here.

Main Role generating Icon Fonts. Converting forms into pdf online generator.  Unit Testing the project before Uploading  to the sever.

Architecture Details 
This project was implemented in multi-languages Using Bootstrap frame work and Javascript. 

Responsibilities. 
Responsible for on time delivery for client. Giving Appropriate Estimations for the required Project paln.  Design and involved in high and low-level design of the individual components. Responsible for setting coding standards in the application.
 

Key Challenges 
Performance tuning of the queries and created an mobile application and Responsive web site..

Main Contribution 
Implemented functionality of a classic website to the Current website ,which will decrease the maintenance cost of the application to the organization.

Also involved in code review. Played an active role as mentor for group of developers.



Project Ð 4

Title Ð Option Monster

Role Ð Sr UI Developer 

Duration Ð July 2012 Ð February 2013

Team Size - 4

Technologies Ð HTML 5 CSS3, Mobile and Web Application, Jquiry Mobile /UI

Description:

ItÕs all about Trade marketing . It is a Cross-platform App. Built in jQuery Mobile framework takes the ""write less, do more"" mantra to the next level: Instead of writing unique applications for each mobile device or OS, the jQuery mobile framework allows you to design a single highly branded responsive web site or application that will work on all popular smartphone, tablet, and desktop platforms.


Architecture Details 
This project was implemented in Day and Night based on Theme Roller in jQuery UI.

Responsibilities. 
Responsible for the architecture design and involved in high and low-level design of the individual components. Responsible for setting coding standards in the application. 


Key Challenges 
Performance tuning of the queries. Also created UI/UX . Designing for Android and IOS applications also for responsible view.

Main Contribution 
Also involved in Design review. Played an active role as mentor for group of developers.
 Co-ordinating with the Team.



Project Ð 5 

Title Ð rockfordfosgate.com

Role Ð UI Developer

Duration Ð Dec 2011 Ð June 2012 

Team Size - 2

Technologies Ð Photoshop cs, Illustrator, Icon Conversion.

Description:

ROCKFORD FOSGATE AUDIO FOR FANATICS!
For over 35 years Rockford Fosgate has made lifestyle products that deliver the best audio experience in cars, boats, and recreational vehicles. We build our car audio subwoofers, car speakers and car amplifiers to fit your ride and music taste, while we design our moto-marine products to be element ready solutions for marine audio, motorcycle audio and UTV audio systems.


Architecture Details 
This project was implemented in Photoshop for designing. Logo designing and icon creations in Illustrator. 

Responsibilities. 
Involved in Designing and back-end Development with wireframe supporting and design Guide lines. Developing and maintaining a project Plan. Working with mentor to ensure the project meets its business needs and delivery in time.

Main Contribution 
Worked on Unit Testing and Design QC with in the Team.

Design Qualities

Highly passionate 	Determined
Self Motivated 	Able to work under pressure
Thinking out of box	Offer varying styles
	
Personal Qualities

Friendly	Hardworking
Willingness to Learn 	Optimistic

Hobbies/Interest

Anything Design related                      	Technology
Music	Making friends

	

I hereby declare that the above-mentioned particulars are true to my knowledge.

Place: Hyderabad 					

Date: 								(Anjani Priyadarshini)"
12,ReactDeveloper,"Kotani Durga Prasad


Objective:

Aspirant for a position in an organization where I can contribute my skills for organizationÕs success and synchronize with new technologies while being resourceful, innovative and flexible.

Professional Summary:
¥	3.1 years of experience as a Software Engineer.
¥	Highly creative web designer and front end developer with experience of working on a diverse range of projects from small business websites to large scale websites with a global user base.
¥	Excellent knowledge in HTML, HTML5, CSS3, Bootstrap frameworks. Strong hands on experience in hand coding web technologies.
¥	Good Knowledge in Designing & Developing the Web pages based on SEO (Search Engine Optimization), W3C Standards and Cross-Browser Compatibility.
¥	Very good knowledge in client side programming with JavaScript, jQuery. Working knowledge in React JS.
¥	Experience in developing fully Responsive Websites using media queries and flexible layouts.
¥	Ability to create pixel to pixel matching web pages.
¥	Unmatchable degree of creativity as well as technical production skills. Excellent verbal communication skills including the ability to convey ideas and information clearly, concisely and persuasively.
¥	Flexibility, good judgment and attention to the detail essential.
Education Details:
¥	B.Tech (Computer Science Engineering) from Gudlavalleru Engineering College.
¥	Intermediate from Sri Chaitanya Junior College.
¥	High School from Viswakavi High School.
Professional Experience:

¥	Working as Software Engineer in Amaravati Tech Services, Vijayawada from August 2018 to Till Date.

Technical Skills:
¥	Key Skills:	HTML5, CSS3, JavaScript, JQuery, Json, Bootstrap and Responsive Design.
¥	Frameworks:	React Js.
¥	OS:	Windows
¥	Dev Tools:	Microsoft Visual Studios
¥	O?ce Tools:	Microsoft O?ce Suite, Edit Plus, NotePad++
 
Projects:

1.	Agro Services:

Description:

This is E-commerce based Web Application. selling & buying agriculture equipment Pesticides, seeds. Providing these services to client.

Role and Responsibilities:

¥	Used UI Router for implementing routing in the application.
¥	Implemented Validations using pre-defined Validations of React JS Framework. Implemented Validation by using Custom directives in React Js.
¥	Used Http services & Pagination. Have an overview, understanding about di?erent features of React JS like dependency injection, digest and apply web cycle, two-way data binding. Done curd operation using re-source services.
¥	Involved in development, design and implementation of front end part of the application.
¥	Developed the User Interactive web pages in a professional manner by using web technologies like HTML5, CSS3 as per company standards.
¥	Used Bootstrap and React JS in e?ective web design. Responsible for creating the look and feel of the public website.
¥	Used Ajax, JSON with jQuery for request data and response processing. . Used broadcast, emit & on to share data between di?erent modules Interacting with customer along various phases of the project.

UI Technologies Used

¥	HTML5, CSS3, JavaScript, Bootstrap, JQuery, React JS.

2.	My Map Tag:

Description:

My Map Tag connects people and places, by providing the fastest, easiest way to share directions that eliminate the wasted time and frustration of getting lost. It is an online Directory Service for identifying Places important to you (such as your home, o?ce, business, etc.),   which is designed for mobile use and optimized to take advantage of the capabilities of smart phones. My Map Tags hold much more information about a Place than just the address. They include things like photos, special instructions, directional helps (such as landmarks and route guide lines), contact details, descriptive information, and of course the GPS coordinates that show you the exact location on a map. The Tags are private and secure and controlled by the Map Tag owner. Individual Map Tags are not accessible to anyone, unless authorized by owner.

Roles and Responsibilities:

¥	HTML Development.
¥	Fixing alignment Issues and Creating Drop down menus using jQuery.

UI Technologies Used:

¥	HTML5, CSS3, JavaScript, Bootstrap, JQuery
 
3.	Byron:

Description:

Byron vision is to serve proper hamburgers the way they should be. It started o? in 2007 in London to do a simple thing well, and do it properly as there werenÕt any restaurants o?ering hamburgers like those at the Silver Top at that moment. Byron site shows menu information, including a price and description for each of the dishes, location information for restaurants in the chain, provide news and stories about the brand and the ability to sign up to receive marketing information from Byron.
The site was built using the latest technology, with the experience on capable devices utilizing HTML5 transitions and functionality where needed. Where HTML5 functionality is  not  supported by the device the experience will be degraded to provide usability according to the device capabilities.

Roles and Responsibilities:

¥	HTML Development
¥	Developing Drop down menus using jQuery
¥	Developing dynamic background using JQuery mobile.

UI Technologies Used:

¥	HTML5, CSS3, JQuery.

Personal Details:

¥	Nationality: Indian
¥	Sex: Male
¥	Marital Status: Unmarried
¥	Languages Known : English, Hindi, Telugu

Declaration:

I hereby declare that the information furnished above is true to the best of my knowledge and belief.

Date:
Place: Vijayawada	K.Durga Prasad"
13,ReactDeveloper,"Venkatalakshmi Pedireddy
Software Developer
Experience 3 Years
 


Visakhapatnam, India
 


 
WORK EXPERIENCE
Developer
Schemax Expert Techno Crafts Pvt. Ltd
05/2018 - Present,	Visakapatnam
Achievements/Tasks
Worked on both front end and back end
Responsible for development and management of the project


EDUCATION
SSC
Z. P. G. H. School
08/2011 - 03/2012,	8.5 CGPA


Board Of Intermediate, AP
Sri Prakash Junior College
08/2012 - 03/2014,	81.1%


B.tech
Sri Prakash College Of Engineering
08/2014 - 03/2018,	73.33%
 
SKILLS

         


PERSONAL PROJECTS
Purchases Management (03/2021 - 04/2021)
It is used for tracking purchases, Pending Payments, Discounts Based on Users (Retailer/Distributor)

Corona Awareness Website (03/2020 - 04/2021)
To Provide Awereness on Covid https://batvidcoronaawareness.000webhostapp.com



PROJECTS
Material Management System (08/2018 - 01/2019)
MMS is tracking Procurement Material from Indents to Transfers. and to maintain stock for material of the plant - Technologies Used - YII Frame Work, Angular Js, MySql

Warehouse Management System (02/2019 - 03/2019)
WMS is to Maintain the stock, Sale, Purchase, Dispatch - Technologies Used - YII Frame Work, Angular Js, MySql

Board Of Intermediate Support (03/2019 - 04/2019)
BOI is to support and track the Employees attendance, Payments to employees -Technologies Used Joomla Frame Work, Mysql

Sales (04/2019 - 08/2020)
Sales is to track the purchases of two wheeler, three wheeler and transfer between branches - Technologies Used- Nx Repo, React Js, Nest Js, Type ORM, Mysql, Swagger

Apparel Management (09/2020 - 04/2021)
Apparel Management Is a large Project is used to track Orders, Sewing, Cutting, Embroidery, productivity of Employees tracking for the plant Technologies Used- Nx Repo, React Js, Nest Js, Type ORM, Mysql, Swagger

Enterprice resource planning (05/2021 - Present)
Erp is used to track the orders, Packing/RM Procurement, Production, logistics -Technologies Used- Nx Repo, React Js, Nest Js, Type ORM, Mysql, Swagger



LANGUAGES
 
Telugu
Native or Bilingual ProÞciency
 
English
Full Professional ProÞciency
 


INTERESTS"
14,ReactDeveloper,"KAMBALA SAI SURENDRA   
 
 
 			
SUMMARY 
 
PROJECT 	 	
 
¥ 
¥ 
¥ 	 
 
Having basic knowledge in HTML, CSS, Bootstrap, JavaScript, React Js, Redux and jQuery. 
Have very good analytical thinking and hands-on in React Js, Redux, Bootstrap. 
Well acquainted with version control repository (GitHub). 
 
	Mandepeta 	  
  
 
SUMMARY 
 
 
 
Title 	 
Keeper-App 
Github-link:Óhttps://github.com/surendrakambala/KeeperappÓTechnologies Involved 	 
HTML, CSS, JavaScript ,React Js 
 
Summary 	Storing notes as we required. 
	Adding and Deleting of notes procedure is created by using JS. 
Responsibilities 	Creating own web page using React Js, HTML,, JavaScript. Handling adding and deleting notes by using JavaScript. 
Project#1 
  
 
mA  
 
 
 
 
 
 
 
 
 
 
 
 
 
 
 
 
 
 
 
 
 
 
 
 
 
 
 
 
 
 
 
 
 
 
 
 
 
 
 
 
 
 
 
 
 
 
 
 
 
 
 
 
 
 
 
 
 
 
 
 
 
 
 
 
 
 
 
 
 
 
 
 
 
 
 
 
 
 
 
 
 
 
 
 
 
 
 
 
 
 
 
 
 
 
 
 
 
 
 
 
 
 
 
 
Title 	 
Facebook Front-End Design Using React Js 
Github-link:Óhttps://github.com/surendrakambala/facebookÓ
Technologies Involved 	 
HTML, React Js, Material UI 
 
Summary 	1.	Some part of Facebook website is created by using React Js. 
2.	Login using valid credentials by using Firebase service as backend database. 
3.	Posts are created by using Firebase Database. 
Responsibilities 	Doing webpages setup from scratch. Creating different Components in JSX files 
 
 
 
 
 
 
 
 
 
 
 
 
 
 
 
 
 
 
 
 
 
Project#2 
EDUCATION 	   	 
JNTU, KAKINADA 
 
2015 Ð 2018 
 
B.Tech in Computer Science and Engineering 
Obtained a percentage of 63.80% 
 
LEELA KRISHNA BABUJI POLYTECHNIC, RAVULAPALEM 
 
2011 Ð 2014 
 
Diploma Computer Engineer 
Obtained a percentage of 68.03 % 
ZP High School,Tapeswaram 
 
2001 Ð 2011 
 
Matriculation 
Obtained a percentage of 62 % 
 
TECHNICAL 	   PROFICIENCIES 
	DEVELOPMENT: 	React Js, Redux, HTML, CSS, Bootstrap, jQuery, JavaScript. 
	IDE EXPERIENCE: 	Visual Studio Code (VSCODE). 
 
	LANGUAGES: 	JAVA. 
OPERATING SYSTEM: Windows XP ,7,8,10. 
 
ACADEMIC 	   PARTICIPATIONS 
¥	Appreciated certificate in ÒCYBERTHON-2K18Ó from East Godavari conducted by ÒAPITAÓ. ¥ 	Worked as COORDINATOR in College Annual Fest. 
¥	Participated in ÒPaper PresentationÓ on ÒEthical HackingÓ in EPROZYNE2K15 conducted at Pragati Engineering College. 
¥	Participated in ÒPoster PresentationÓ on ÒGoogle GlassÓ in EPROZYNE-2K16 conducted at Pragati Engineering College. 
 
	PERSONAL 	   
DETAILS 
 
Date of Birth: 	15 Mar, 1996 
Languages Known: 	Telugu, English 
Sex: 	Male 
 
DECLARATION  
 
I hereby solemnly affirm that all the details provided above are always true to the best of my knowledge and belief and that, I shall carry myself in a manner that lends dignity to the organization and worthy enough of the person."
15,ReactDeveloper,"MAREEDU LOKESH BABU PROFESSIONAL OVERVIEW Around 2 years of experience in software design, development, implementation and maintenance of applications using, HTML, CSS, JavaScript, JQuery, PHP, MySQL, React js , Node Js. Knowledge in Object Oriented PHP Programming. Knowledge in versioning control like GIT. Involved in Responsive web development using Bootstrap. Strong Analytical, Problem solving skills, Presentation skills and good team player. I can work with independently. SCHOLASTICS B.Tech (Computer Science Engineering.) from VKR ,VNB & AGK College of Engineering and Technology, Gudiwada, affiliated to JNTUK with 76.4% in 2019. TECHNICAL SKILLS Web Technologies : HTML, CSS, BOOTSTAP,JAVASCRIPT, JQUERY, PHP, React js , Node js. Database : MYSQL Operating System : Windows IDE : Visual Studio, NetBeans Code repository Tools : GIT Web Servers : Apache Installers : XAMPP PROJECTs Project #1: Name : RMC (Redimix Concrete) Duration : Sept 2019 - Till now Team Size : 5 Environment : HTML, CSS, Bootstrap, MySQL, React js ,Node js. Description: It is a product built for Instant Redimix Concrete(RMC). This product is related to construction industry which supplies redimix concrete based on customer requirement. . Take orders from Customers, Business or a mix of both.It manages all your sales, stock, accounting, shipping and customer data from a single place. Inventory control improves tracking and control other inventory activities and stock movements. Responsibilities Active Participation in development with timely delivery as per the deadlines. Designed website using HTML and CSS . Programming and coordinating with Team Responsibilities include database design, code profiling and extensive documentation. Review and perform the design validation by working with client. Implemented on validations with required fields dynamically. Coordinating with team and client for weekly status calls. .Close follow up with the testing team in resolving issues. Review with end user on key functionalities of the system and work on improvements of the application technically. Career Profiles Software Developer at Maganti IT Solutions,Vijayawada from 5th August 2019 DATE: Mareedu Lokesh Babu PLACE: SIGNATURE:	"
16,ReactDeveloper,"MAREEDU LOKESH BABU PROFESSIONAL OVERVIEW Around 2 years of experience in software design, development, implementation and maintenance of applications using, HTML, CSS, JavaScript, JQuery, PHP, MySQL, React js , Node Js. Knowledge in Object Oriented PHP Programming. Knowledge in versioning control like GIT. Involved in Responsive web development using Bootstrap. Strong Analytical, Problem solving skills, Presentation skills and good team player. I can work with independently. SCHOLASTICS B.Tech (Computer Science Engineering.) from VKR ,VNB & AGK College of Engineering and Technology, Gudiwada, affiliated to JNTUK with 76.4% in 2019. TECHNICAL SKILLS Web Technologies : HTML, CSS, BOOTSTAP,JAVASCRIPT, JQUERY, PHP, React js , Node js. Database : MYSQL Operating System : Windows IDE : Visual Studio, NetBeans Code repository Tools : GIT Web Servers : Apache Installers : XAMPP PROJECTs Project #1: Name : RMC (Redimix Concrete) Duration : Sept 2019 - Till now Team Size : 5 Environment : HTML, CSS, Bootstrap, MySQL, React js ,Node js. Description: It is a product built for Instant Redimix Concrete(RMC). This product is related to construction industry which supplies redimix concrete based on customer requirement. . Take orders from Customers, Business or a mix of both.It manages all your sales, stock, accounting, shipping and customer data from a single place. Inventory control improves tracking and control other inventory activities and stock movements. Responsibilities Active Participation in development with timely delivery as per the deadlines. Designed website using HTML and CSS . Programming and coordinating with Team Responsibilities include database design, code profiling and extensive documentation. Review and perform the design validation by working with client. Implemented on validations with required fields dynamically. Coordinating with team and client for weekly status calls. .Close follow up with the testing team in resolving issues. Review with end user on key functionalities of the system and work on improvements of the application technically. Career Profiles Software Developer at Maganti IT Solutions,Vijayawada from 5th August 2019 DATE: Mareedu Lokesh Babu PLACE: SIGNATURE:	"
17,ReactDeveloper,"MD KHIZARUDDIN RAUF EXPERIENCE ? Currently working in PickupBiz Solution Private Limited, Pune from January 2021 to till date ? 9 Months of working as an Intern on UI React JS - Software Developer ? Having sound experience and exposure on UI development using React JS, Bootstrap, HTML 5, CSS, React Hooks, and Redux etc. ? Ability to work under any given environment ? Demonstrated good communication and Analytical skills ? Team building skills, emphasizing versatility and adaptability ? Dedication and drive as a hard-working individual ? Ability to manage multiple tasks in a pressured environment Application Development & UI Designing Ð Coordinated with the development team of 10 to discuss user interface ideas and applications. - Reviewed application requirements and interface designs to ensure compatibility with existing applications. UI Components Designing & Application Interface Coding Ð Identified web-based user interactions and developed highly responsive user interface components via React concepts. - Translated designs & wireframes into high-quality code and wrote application interface via JavaScript following React.js workflows. Code Debugging & Front-end Architecture Ð Troubleshoot interface software and debugged application codes to improve functionality and performance. - Developed and implemented front-end architectures to support user interface concepts with accuracy. Career seeking Seeking assignments in an organization that allows me to utilize my skills and can nurture them so that I can contribute highly in the growth of the organization individually as well as in Team, while being resourceful, innovative and flexible. EDUCATION 12/2020 SWAMI RAMANAND TEERTH MARATHWADA UNIVERSITY NANDED BSC. KANDHAR, NANDED, MAHARASHTRA. PERSONAL DOSSIER Total Experience:9 Months as an Internship. Nationality: Indian DOB: 1-06-1998 Marital Status : Unmarried Languages: English, Hindi, Marathi, Urdu Hobbies: Learning New Technologies like Node JS, MySQL, MongoDB, Playing Cricket. SKILLS UI Designing ¥ Application Designing Wireframe and design Pattern translation ¥ Performance Improvement Webpage Designing ¥ Project Delivery Coding ¥ Debugging Front-End Architecture ¥ Feature Designing ¥ Webpage Optimization ¥ Client Surviving 2 PROJECTS WORKED ON HIGHLY RESPONSIVE REACT JS PROJECTS AND DESIGNED COMPONENTS USING JAVASCRIPT, BOOTSTRAP, REACT-REDUX AND REACT HOOKS. FOLLOWING ARE SOME PROJECTS WHICH I WORKED ON. E-SUPERMARKET WEB APP . PDAC APP. E Ð DICTIONARY. EMPLOYEE SEARCH. EMI CALCULATOR. PIANO. I hereby declare that the above information is true to best of my knowledge. Place: Nanded Date: MD KHIZARUDDIN RAUF 3	"
18,ReactDeveloper,"Pranish Sonone Career summary: Experience of 1 years & 2 months working as Jr. React Developer which includes over 1 year of experience in React JS. Hands on experience in developing web pages using ReactJS, Redux, JavaScript, HTML5, CSS3. Extensive knowledge of ES6. Analysis and design of reports and user interfaces with reporting. Good communication, collaboration with proficiency at grasping new technical concepts quickly and utilize the same in a productive manner. Good team player with strong interpersonal skills. Technical skills: Web Technologies: ReactJS, JavaScript, ES6, HTML5, CSS3. Work experience: Currently working with Saffire Softtech, Pune from August 2020 to till date as Jr. React Developer. Projects: Project 1: Ecommerce Portal Role Ð React JS Developer Roles and Responsibilities: Develop UI as per requirement and mockup using react . Create pages for different screen resolutions using CSS and Material UI. Develop components as per the clients requirement. Project 2: Developing Company Website Role- React JS Developer Roles and Responsibilities: Involved in developing react components for website. Worked in developing various functionalities. Involved in designing website by using CSS and material UI Educational Qualification: Personal Profile: Date of Birth: 8th Oct 95 Marital Status: Single Language Known: English, Hindi & Marathi Declaration: I hereby declare that all the above information and particulars are true to the best of my knowledge. Place: Pune Pranish Sonone	"
19,ReactDeveloper,"Ranga Gaganam Having 1+ years of successful IT experience in all phases of Software Development Life Cycle (SDLC) as a React.JS Developer and JavaScript. Experience in design and configuration for implementation, development, maintenance and support as a React.JS Developer to meet business needs. Good working knowledge on React Hooks, JavaScript, HTML. Developing new user-facing features using React.js Building reusable components and front-end libraries for future use. Strong proficiency in JavaScript, including DOM manipulation. Thorough understanding of React.js and its core principles Familiarity with newer specifications of ECMA Script A proactive learner for adopting emerging trends and addressing industry requirements to achieve the organizational objectives. Good communication, presentation and interpersonal skills. PROJECT : Title : E care Management System Organizer : Metrolabs Services Pvt ltd. Designation : Junior UI Developer Technologies : REACTJS, HTML5, CSS3, JAVASCRIPT Summary:- In this application there are several modules like Employee, Patients, Admission,Lab management,prescription Pharmacy management,OT Management.. My Roles & Responsibilities: Developed the UI components for the web application. Developed signup page for this project , for the login authentications use the firebase. E care management software is a react application it is used for hospitals to manage all the services and information In this application there are different stake holders like accountant, admin,Doctor,Lab,Technician and Physical..	"
20,ReactDeveloper,"SHAIK ABDUL SHARUK 2 yearsÕ Experience in Wipro Career Objective: A challenging pursuit in a reputed organization where I can utilize my skills and strengths and conjunction with common goal and objective for mutual growth LinkedIn Profile: GitHub Profile: Email Address: sharukabdul786@gmail.com EXPERIENCE: Wipro Mar-2019 to Feb-2021 Senior Associate JOB RESPONSIBILITIES: Worked on auto machine Waymo Self driving car Operating the autonomous vehicles by labelling the objects Test the real time scenario captured by the lidar data As per the lidar data we need to test and label the object TECHNICAL SKILLS: GITHUB PROJECTS: Blog Application (React JS) To-do List Built in React-Redux https://github.com/sharukabdul/Todo-List A simple to-do list App built with React, Redux This App is built with following features: User can add, delete and mark complete a to-do item. Redux library is used for state management. HighlightÕs to-do status in ""red"" if it crosses completion date. LANGUAGES: English, Hindi and Telugu (Read, Write and Speak) DECLARATION: I hereby declare that all the above furnished information is correct and true to best of my knowledge. Place: Date: Shaik Abdul Sharuk	"
21,ReactDeveloper,"Name: M. Prabakaran
Title: UI Developer
PROFESSIONAL SUMMARY
● 2.4+ years of Professional IT experience as a software developer having knowledge on different UI based Application.
● Hands on experience in HTML, CSS, JS, ReactJS.
● Hands on experience in handling UI interaction, Design methodology.
● Handling In-App purchase, uploading and maintaining apps in play store.
● Hands on experience with customization over base-product depends on client requirement.
● Cohesive team worker, having strong analytical, problem solving and interpersonal skills.
EDUCATION
● Completed on 2017 Bachelor of Technology (ECE), PRIST University, Tamil Nadu.
● Completed on 2012 Higher Secondary, Mount Park Hr Sec School, Thiyagadurgam, Tamil Nadu.
● Completed on 2010 SSLC, Krishnasamy Hr Sec School, Cuddalore, Tamil Nadu.
SKILLS
Operating System Windows, Unix,Mac Programming Languages HTML, CSS, JS, React Mobile App Development Windows and Android Apps Designing Constatinant layout ,Motion layout Architectural Pattern MVC IDE Android Studio Services AWS bucket s3 service, Bitbucket
PROJECT DETAILS
Project 1
Boomi is the name of the our project which is e-commerce online store. We’d developed and maintains by react code.
Role
Front End Developer
Project
E-commerce
Technology
Android
Role Played
● Developing applications using Technologies like React and HTML.
● Involved in Requirement Gathering.
● Resolving client given queries.
● Communicating with the team and adding features.
● Performed Restful API services using volley.
Page | 2
Project 2
Golden Gopuram – This’s the live project it is pooja based on products seems it going on development also available on source
Role
Front End Developer
Project Golden Gopuram
Technology
Android
Role Played
● Developing applications using Technologies like Java and XML.
● Involved in Requirement Gathering.
● Resolving client given queries.
● Communicating with the team and adding features.
● Performed Restful API services using volley.
● Implementing design patterns.
Project 3
ToDo App – This’s the myself created for my practice seems it going on development also available on source
Role
Front End Developer
Project ToDo App
Technology
Android
Role Played
● Developing applications using Technologies like Java and XML.
● Involved in Requirement Gathering.
● Resolving client given queries.
● Communicating with the team and adding features.
● Performed Restful API services using volley.
● Implementing design patterns.
Basic Details:
DOB: 23/01/1995
PAN: CCRPP0144B
Father Name: Murugan,
Residency: Cuddalore, Tamilnadu.
Date:
Place: Cuddalore Prabakaran M"
